,2017-2018 Contract,2018-2019 Contract,2019-2020 Contract,2020-2021 Contract,2021-2022 Contract,2022-2023 Contract,Contract Type,Name,Remaining Guaranteed,Team
0,"$34,682,550","$37,457,154","$40,231,758","$43,006,362","$45,780,966",,Bird Rights,Stephen Curry,"$201,158,790",GSW
1,"$33,285,709","$35,607,968",,,,,Early Bird,LeBron James,"$33,285,709",CLE
2,"$31,269,231","$29,730,769","$30,500,000",,,,Cap space,Paul Millsap,"$61,000,000",DEN
3,"$29,727,900","$31,214,295","$32,700,690","$34,187,085",,,Cap space,Gordon Hayward,"$93,642,885",BOS
4,"$29,512,900","$31,873,932","$34,234,964","$36,595,996","$38,957,028",,Bird Rights,Blake Griffin,"$132,217,792",DET
5,"$28,703,704","$31,000,000","$33,296,296",,,,Bird Rights,Kyle Lowry,"$93,000,000",TOR
6,"$28,530,608","$35,350,000","$38,178,000","$41,006,000","$43,848,000",,Bird Rights,Russell Westbrook,"$186,912,608",OKC
7,"$28,530,608","$30,521,115","$32,511,623","$34,504,132",,,Cap Space,Mike Conley,"$113,989,729",MEM
8,"$28,299,399","$30,431,854","$37,800,000","$40,824,000","$43,848,000",,Bird Rights,James Harden,"$181,203,253",HOU
9,"$27,739,975","$27,739,975","$27,739,975","$27,739,975",,,Cap Space,DeMar DeRozan,"$83,219,925",TOR
10,"$27,734,405","$28,928,710","$30,123,015",,,,Cap Space,Al Horford,"$56,663,115",BOS
11,"$26,243,760","$27,928,140",,,,,Bird Rights,Carmelo Anthony,"$26,243,760",OKC
12,"$26,153,057","$27,977,689","$29,802,321","$31,626,953",,,1st Round Pick,Damian Lillard,"$115,560,020",POR
13,"$25,686,667","$26,131,111","$26,131,111","$26,131,111","$27,020,000",,Bird Rights,Jrue Holiday,"$104,080,000",NOP
14,"$25,289,390","$26,837,720",,,,,,Chris Bosh,"$52,127,110",MIA
15,"$25,000,000",,,,,,Non-Bird Rights,Kevin Durant,"$25,000,000",GSW
16,"$24,773,250","$26,011,913","$27,250,576","$28,489,239",,,Bird Rights,Otto Porter,"$78,035,739",WAS
17,"$24,599,495",,,,,,Bird Rights,Chris Paul,"$24,599,495",HOU
18,"$23,962,573","$25,759,766","$27,556,959","$29,354,152",,,1st Round Pick,C.J. McCollum,"$106,633,450",POR
19,"$23,775,506","$25,434,263","$27,093,019","$28,751,775",,,Cap Space,Bradley Beal,"$105,054,563",WAS
20,"$23,775,506","$25,434,263","$27,093,019","$28,751,775",,,1st Round Pick,Anthony Davis,"$76,302,788",NOP
21,"$23,775,506","$25,434,263","$27,093,019","$28,751,775",,,Cap Space,Andre Drummond,"$76,302,788",DET
22,"$23,775,506","$25,434,263","$27,093,018",,,,Cap Space,Hassan Whiteside,"$49,209,769",MIA
23,"$23,500,000","$23,819,725",,,,,Cap Space,Dwight Howard,"$47,319,725",CHO
24,"$23,112,004","$24,107,258","$25,102,511",,,,Cap Space,Chandler Parsons,"$72,321,773",MEM
25,"$23,112,004","$24,107,258","$25,102,512",,,,Cap Space,Harrison Barnes,"$47,219,262",DAL
26,"$23,000,000",,,,,,Cap space,J.J. Redick,"$23,000,000",PHI
27,"$22,642,350","$24,119,025","$25,595,700",,,,Bird Rights,Marc Gasol,"$46,761,375",MEM
28,"$22,642,350","$24,119,025","$25,595,700",,,,Bird Rights,Kevin Love,"$46,761,375",CLE
29,"$22,642,350",,,,,,Bird Rights,Brook Lopez,"$22,642,350",LAL
30,"$22,642,350","$24,119,025",,,,,Bird Rights,DeAndre Jordan,"$22,642,350",LAC
31,"$22,471,910","$24,157,303","$25,842,697","$27,528,090",,,1st Round Pick,Steven Adams,"$100,000,000",OKC
32,"$22,471,910","$24,157,303","$25,842,697","$27,528,090",,,1st Round Pick,Giannis Antetokounmpo,"$100,000,000",MIL
33,"$22,434,783","$24,000,000","$25,565,217","$27,130,434",,,Cap Space,Nicolas Batum,"$72,000,000",CHO
34,"$21,974,719","$23,491,573","$25,008,427","$26,525,281",,,1st Round Pick,Rudy Gobert,"$97,000,000",UTA
35,"$21,461,010","$22,347,015","$26,000,000","$24,000,000",,,Cap Space,LaMarcus Aldridge,"$76,808,025",SAS
36,"$21,000,000","$21,000,000","$21,000,000","$21,000,000",,,1st Round Pick,Victor Oladipo,"$84,000,000",IND
37,"$20,566,802","$18,622,514",,,,,Bird Rights,Enes Kanter,"$20,566,802",NYK
38,"$20,559,599","$21,587,579","$22,615,559",,,,Sign and Trade,Danilo Gallinari,"$64,762,737",LAC
39,"$20,061,729","$21,666,667","$23,271,604",,,,Cap space,Serge Ibaka,"$65,000,000",TOR
40,"$20,000,000","$19,000,000","$18,000,000",,,,Cap space,George Hill,"$40,000,000",CLE
41,"$19,578,455","$20,421,546","$21,264,635",,,,Cap Space,Ryan Anderson,"$61,264,636",HOU
42,"$19,508,958","$20,703,384",,,,,1st Round Pick,Paul George,"$19,508,958",OKC
43,"$19,332,500","$18,500,000","$18,500,000",,,,Cap Space,Allen Crabbe,"$37,832,500",BRK
44,"$19,301,070","$20,445,779","$19,841,627",,,,Bird Rights,Jimmy Butler,"$39,746,849",MIN
45,"$19,000,000","$19,000,000","$19,000,000",,,,Cap space,Jeff Teague,"$38,000,000",MIN
46,"$18,868,625","$20,099,189","$21,329,752",,,,Bird Rights,Kawhi Leonard,"$38,967,814",SAS
47,"$18,868,625","$20,099,188","$21,329,750",,,,Bird Rights,Kyrie Irving,"$38,967,813",BOS
48,"$18,063,850","$19,169,800","$37,800,000","$40,824,000","$43,848,000",,Bird Rights,John Wall,"$159,705,650",WAS
49,"$18,063,850",,,,,,1st Round Pick,DeMarcus Cousins,"$18,063,850",NOP
50,"$17,884,176","$18,622,514",,,,,Cap Space,Wesley Matthews,"$36,506,690",DAL
51,"$17,884,176",,,,,,,Greg Monroe,"$17,884,176",PHO
52,"$17,826,150","$18,988,725",,,,,1st Round Pick,Klay Thompson,"$36,814,875",GSW
53,"$17,765,000","$18,530,000","$19,295,000",,,,Cap Space,Joakim Noah,"$55,590,000",NYK
54,"$17,745,894",,,,,,Cap space,Kentavious Caldwell-Pope,"$17,745,894",LAL
55,"$17,190,000","$18,000,000","$18,810,000",,,,Cap Space,Luol Deng,"$54,000,000",LAL
56,"$17,131,148","$17,868,852","$18,606,557",,,,Cap Space,Evan Turner,"$53,606,557",POR
57,"$17,000,450","$18,109,175","$19,217,900",,,,Bird Rights,Goran Dragic,"$35,109,625",MIA
58,"$17,000,000","$17,000,000","$17,000,000","$17,000,000",,,Cap Space,Evan Fournier,"$51,000,000",ORL
59,"$17,000,000","$17,000,000","$17,000,000",,,,Cap Space,Bismack Biyombo,"$34,000,000",ORL
60,"$16,910,113","$18,089,887","$19,269,662",,,,Cap Space,Kent Bazemore,"$35,000,000",ATL
61,"$16,698,103","$10,464,092","$11,301,219","$12,138,345","$12,975,471",,Cap Space,Robert Covington,"$63,577,230",PHI
62,"$16,661,641","$15,944,154","$15,450,051",,,,Cap Space,Ian Mahinmi,"$48,055,846",WAS
63,"$16,500,000","$17,325,000","$18,150,000","$18,975,000",,,Cap space,Tim Hardaway,"$51,975,000",NYK
64,"$16,400,000","$17,469,565","$18,539,130",,,,Bird Rights,Draymond Green,"$52,408,695",GSW
65,"$16,400,000","$17,469,565","$18,539,130",,,,Bird Rights,Tristan Thompson,"$52,408,695",CLE
66,"$16,000,000","$17,043,478","$18,086,956",,,,Bird Rights,Reggie Jackson,"$51,130,434",DET
67,"$16,000,000","$16,000,000","$16,000,000",,,,,Pau Gasol,"$38,700,000",SAS
68,"$16,000,000","$14,800,000",,,,,Bird Rights,Tobias Harris,"$30,800,000",LAC
69,"$15,550,000",,,,,,,Dwyane Wade,"$15,550,000",CHI
70,"$15,500,000","$15,500,000","$15,500,000","$15,500,000",,,1st Round Pick,Dennis Schroder,"$62,000,000",ATL
71,"$15,460,675","$16,539,326","$17,617,977",,,,1st Round Pick,Jonas Valanciunas,"$32,000,001",TOR
72,"$15,453,126",,,,,,Bird Rights,Tony Parker,"$15,453,126",SAS
73,"$15,280,000","$16,000,000","$16,720,000",,,,Cap Space,Timofey Mozgov,"$48,000,000",BRK
74,"$14,814,815","$16,000,000","$17,185,185",,,,Bird Rights,Andre Iguodala,"$48,000,000",GSW
75,"$14,800,000","$15,400,000",,,,,Cap Space,DeMarre Carroll,"$30,200,000",BRK
76,"$14,796,348","$13,764,045",,,,,Bird Rights,Thaddeus Young,"$14,796,348",IND
77,"$14,500,000","$15,000,000",,,,,Bird Rights,Eric Bledsoe,"$29,500,000",MIL
78,"$14,275,000","$14,975,000",,,,,1st Round Pick,Ricky Rubio,"$29,250,000",UTA
79,"$14,136,364","$13,045,455","$11,954,546","$10,863,637",,,Bird Rights,Joe Ingles,"$50,000,002",UTA
80,"$14,112,360","$15,170,787","$16,229,213","$17,287,640",,,1st Round Pick,Gorgui Dieng,"$62,800,000",MIN
81,"$14,100,000","$13,000,000","$13,000,000",,,,Bird Rights,Khris Middleton,"$27,100,000",MIL
82,"$14,041,096","$12,917,808","$14,041,096",,,,Cap space,Mason Plumlee,"$41,000,000",DEN
83,"$14,000,000","$14,000,000",,,,,Cap space,Taj Gibson,"$28,000,000",MIN
84,"$13,954,000","$14,651,700","$15,349,400",,,,Cap space,James Johnson,"$43,955,100",MIA
85,"$13,788,500","$14,357,750",,,,,Cap Space,Robin Lopez,"$28,146,250",CHI
86,"$13,760,000","$14,720,000","$15,680,000",,,,Bird Rights,J.R. Smith,"$32,350,000",CLE
87,"$13,618,750","$14,631,250","$15,643,750",,,,,Brandon Knight,"$43,893,750",PHO
88,"$13,168,750","$14,087,500","$15,006,250",,,,Cap Space,Marvin Williams,"$27,256,250",CHO
89,"$13,000,000","$13,585,000",,,,,Cap Space,Tyson Chandler,"$26,585,000",PHO
90,"$13,000,000","$13,000,000","$13,000,000",,,,1st Round Pick,Michael Kidd-Gilchrist,"$26,000,000",CHO
91,"$12,943,020","$13,500,375","$14,057,730",,,,Cap Space,Eric Gordon,"$40,501,125",HOU
92,"$12,921,348","$13,764,045",,,,,1st Round Pick,Kenneth Faried,"$26,685,393",DEN
93,"$12,782,609","$13,565,218",,,,,Bird Rights,Marcin Gortat,"$26,347,827",WAS
94,"$12,584,270","$13,528,090","$14,471,910","$15,415,730",,,1st Round Pick,Cody Zeller,"$56,000,000",CHO
95,"$12,500,000","$12,500,000","$12,500,000",,,,Bird Rights,Miles Plumlee,"$37,500,000",ATL
96,"$12,500,000","$12,500,000",,,,,Cap space,Nikola Mirotic,"$25,000,000",NOP
97,"$12,307,692","$11,692,308",,,,,Cap space,Zach Randolph,"$24,000,000",SAC
98,"$12,250,000","$12,750,000",,,,,Bird Rights,Nikola Vucevic,"$25,000,000",ORL
99,"$12,236,535","$12,752,928","$13,258,781",,,,Cap Space,Solomon Hill,"$38,248,244",NOP
100,"$12,016,854","$12,800,562",,,,,,Wilson Chandler,"$12,016,854",DEN
101,"$12,000,000","$12,516,746",,,,,Cap Space,Jeremy Lin,"$24,516,746",BRK
102,"$12,000,000","$12,000,000",,,,,1st Round Pick,Kemba Walker,"$24,000,000",CHO
103,"$12,000,000",,,,,,1st Round Pick,Derrick Favors,"$12,000,000",UTA
104,"$11,825,000","$12,650,000",,,,,Cap Space,Austin Rivers,"$11,825,000",LAC
105,"$11,747,890","$12,253,780","$12,759,670",,,,Cap Space,Courtney Lee,"$36,761,340",NYK
106,"$11,600,000",,,,,,,Nikola Pekovic,"$11,600,000",MIN
107,"$11,562,500","$12,500,000","$13,437,500",,,,Cap Space,Jordan Clarkson,"$37,500,000",CLE
108,"$11,422,536","$10,577,466","$9,732,396",,,,1st Round Pick,John Henson,"$31,732,398",MIL
109,"$11,000,000","$11,550,000","$12,100,000","$12,650,000",,,Cap space,Dion Waiters,"$47,300,000",MIA
110,"$11,000,000",,,,,,Cap space,Amir Johnson,"$11,000,000",PHI
111,"$10,942,762","$2,304,226",,,,,,Jamal Crawford,"$13,246,988",ATL
112,"$10,845,506","$11,536,515",,,,,1st Round Pick,Alec Burks,"$22,382,021",UTA
113,"$10,714,286","$11,571,429","$12,428,571","$13,285,714",,,Bird Rights,Patty Mills,"$48,000,000",SAS
114,"$10,607,169","$11,137,527","$11,667,885","$12,198,243",,,Cap space,Kelly Olynyk,"$33,412,581",MIA
115,"$10,595,505","$11,286,516","$11,977,527",,,,Bird Rights,Omer Asik,"$24,882,021",CHI
116,"$10,500,000","$10,500,000",,,,,Rookie scale extension,Terrence Ross,"$21,000,000",ORL
117,"$10,500,000","$10,500,000",,,,,,Mirza Teletovic,"$21,000,000",MIL
118,"$10,500,000","$10,500,000",,,,,Cap space,Bojan Bogdanovic,"$12,000,000",IND
119,"$10,497,319","$10,002,681","$9,508,043",,,,Cap Space,Jon Leuer,"$30,008,043",DET
120,"$10,337,079","$11,011,234",,,,,Bird Rights,Iman Shumpert,"$21,348,313",SAC
121,"$10,162,922","$10,837,079","$11,511,234",,,,Cap Space,Maurice Harkless,"$32,511,235",POR
122,"$10,000,000","$9,530,000",,,,,Cap Space,Jared Dudley,"$19,530,000",PHO
123,"$10,000,000","$10,000,000",,,,,Cap space,Darren Collison,"$12,000,000",IND
124,"$10,000,000","$10,000,000",,,,,Bird Rights,Danny Green,"$10,000,000",SAS
125,"$9,904,495","$10,595,506","$11,286,515",,,,Cap Space,Meyers Leonard,"$31,786,516",POR
126,"$9,821,429","$10,607,143","$11,392,857","$12,178,571",,,Cap space,Tony Snell,"$31,821,429",MIL
127,"$9,769,821","$10,000,000",,,,,Cap Space,Al Jefferson,"$13,769,821",IND
128,"$9,607,500","$9,607,500","$9,607,500",,,,Cap Space,Matthew Dellavedova,"$28,822,500",MIL
129,"$9,505,000",,,,,,,Joe Johnson,"$9,505,000",SAC
130,"$9,470,614","$9,000,000","$8,529,386",,,,Cap space,Bogdan Bogdanovic,"$27,000,000",SAC
131,"$9,259,259","$10,000,000","$10,740,741",,,,Bird Rights,Andre Roberson,"$30,000,000",OKC
132,"$9,125,000",,,,,,,Trevor Booker,"$9,125,000",PHI
133,"$9,003,125","$9,631,250","$10,259,375",,,,Cap Space,Dwight Powell,"$18,634,375",DAL
134,"$9,000,000","$8,575,916",,,,,Cap Space,Jerryd Bayless,"$17,575,916",PHI
135,"$8,808,989",,,,,,Bird Rights,Avery Bradley,"$8,808,989",LAC
136,"$8,533,333","$7,866,667",,,,,Bird Rights,JaMychal Green,"$16,400,000",MEM
137,"$8,445,024","$8,808,685","$8,664,928",,,,Cap Space,E'Twaun Moore,"$25,918,637",NOP
138,"$8,406,000","$8,826,300",,,,,MLE,Rudy Gay,"$8,406,000",SAS
139,"$8,393,000","$8,739,500",,,,,Cap Space,Kosta Koufos,"$17,132,500",SAC
140,"$8,000,000","$8,600,000",,,,,Bird Rights,Markieff Morris,"$16,600,000",WAS
141,"$8,000,000",,,,,,Cap space,Vince Carter,"$8,000,000",SAC
142,"$8,000,000","$8,000,000",,,,,Cap Space,Garrett Temple,"$8,000,000",SAC
143,"$7,936,509","$8,333,333","$8,730,158",,,,MLE,C.J. Miles,"$16,269,842",TOR
144,"$7,843,500","$8,470,980","$8,156,500","$7,529,020",,,Cap space,Cristiano Felicio,"$32,000,000",CHI
145,"$7,692,308","$8,307,692","$7,692,308",,,,Bird Rights,Shaun Livingston,"$18,000,000",GSW
146,"$7,630,000","$7,945,000",,,,,Cap Space,Cory Joseph,"$15,575,000",IND
147,"$7,590,035","$7,969,537","$8,349,039","$7,969,537",,,MLE,P.J. Tucker,"$26,477,799",HOU
148,"$7,579,366",,,,,,,Corey Brewer,"$7,579,366",LAL
149,"$7,574,322","$25,250,000","$27,270,000","$29,290,000","$31,310,000",,1st Round Pick,Andrew Wiggins,"$154,024,322",MIN
150,"$7,464,912","$7,464,912",,,,,Cap Space,Darrell Arthur,"$14,929,824",DEN
151,"$7,420,912",,,,,,Cap Space,Channing Frye,"$7,420,912",LAL
152,"$7,420,912",,,,,,Bird Rights,Trevor Ariza,"$7,420,912",HOU
153,"$7,319,035","$6,957,105",,,,,Cap Space,Al-Farouq Aminu,"$14,276,140",POR
154,"$7,300,000","$6,956,021",,,,,Cap Space,Cole Aldrich,"$9,356,021",MIN
155,"$7,250,000","$7,250,000","$7,250,000",,,,Cap Space,D.J. Augustin,"$21,750,000",ORL
156,"$7,026,240","$8,339,880","$9,745,200","$12,288,697",,,1st Round Pick,Markelle Fultz,"$15,366,120",PHI
157,"$7,000,000","$8,000,000","$8,000,000","$1,500,000",,,Cap Space,Lou Williams,"$23,000,000",LAC
158,"$7,000,000","$7,560,000","$7,500,000",,,,Bird Rights,Kyle Korver,"$18,000,000",CLE
159,"$7,000,000","$7,488,372",,,,,Rookie scale extension,Jeremy Lamb,"$14,488,372",CHO
160,"$7,000,000","$7,000,000",,,,,Cap Space,Boban Marjanovic,"$14,000,000",LAC
161,"$6,796,117","$7,305,825","$7,815,533",,,,Bird Rights,Jae Crowder,"$21,917,475",UTA
162,"$6,782,392",,,,,,1st Round Pick,Jabari Parker,"$6,782,392",MIL
163,"$6,666,667","$7,000,000","$7,333,333",,,,MLE,Langston Galloway,"$21,000,000",DET
164,"$6,655,325","$7,119,650","$7,583,975",,,,Cap Space,Lance Thomas,"$13,774,975",NYK
165,"$6,352,531",,,,,,Cap Space,Ed Davis,"$6,352,531",POR
166,"$6,306,060",,,,,,,Marco Belinelli,"$6,306,060",ATL
167,"$6,300,000","$6,000,000","$5,700,000",,,,Cap space,Jonathon Simmons,"$13,300,000",ORL
168,"$6,286,560","$7,461,960","$8,719,320","$11,003,782",,,1st Round Pick,Lonzo Ball,"$13,748,520",LAL
169,"$6,270,000",,,,,,Cap Space,Wayne Ellington,"$6,270,000",MIA
170,"$6,261,395",,,,,,,Isaiah Thomas,"$6,261,395",LAL
171,"$6,216,840","$7,839,435",,,,,1st round pick,Karl-Anthony Towns,"$6,216,840",MIN
172,"$6,168,840","$6,434,520","$8,113,930",,,,1st Round pick,Ben Simmons,"$12,603,360",PHI
173,"$6,100,266","$25,250,000","$27,270,000","$29,290,000","$31,310,000",,1st Round Pick,Joel Embiid,"$6,100,266",PHI
174,"$6,021,175",,,,,,,Spencer Hawes,"$6,021,175",MIL
175,"$6,021,175",,,,,,,Josh McRoberts,"$6,021,175",DAL
176,"$6,000,000","$6,000,000",,,,,Cap Space,Ish Smith,"$12,000,000",DET
177,"$6,000,000","$5,520,000","$5,520,000",,,,Cap space,Alan Williams,"$6,000,000",PHO
178,"$6,000,000","$6,000,000",,,,,Cap space,Shelvin Mack,"$6,000,000",ORL
179,"$6,000,000","$6,300,000",,,,,MLE,Milos Teodosic,"$6,000,000",LAC
180,"$6,000,000",,,,,,,Ersan Ilyasova,"$6,000,000",ATL
181,"$6,000,000","$6,300,000",,,,,Cap space,Dewayne Dedmon,"$6,000,000",ATL
182,"$5,881,260","$19,245,370","$19,245,370",,,,Cap Space,Tyler Johnson,"$25,126,630",MIA
183,"$5,881,260","$6,134,520",,,,,Cap Space,Wesley Johnson,"$12,015,780",LAC
184,"$5,725,000","$5,455,236",,,,,Cap Space,Alex Abrines,"$11,180,236",OKC
185,"$5,645,400","$6,700,800","$7,830,000","$9,897,120",,,1st Round Pick,Jayson Tatum,"$12,346,200",BOS
186,"$5,562,360","$7,019,698",,,,,1st round pick,D'Angelo Russell,"$12,582,058",BRK
187,"$5,519,400","$5,757,120","$7,265,485",,,,1st Round pick,Brandon Ingram,"$11,276,520",LAL
188,"$5,513,514","$5,027,028",,,,,Bird Rights,Patrick Beverley,"$5,513,514",LAC
189,"$5,504,420",,,,,,1st Round Pick,Aaron Gordon,"$5,504,420",ORL
190,"$5,500,000","$5,500,000","$5,500,000",,,,,Deron Williams,"$16,500,000",BRK
191,"$5,400,000","$5,400,000","$5,400,000",,,,,Josh Smith,"$16,200,000",DET
192,"$5,250,000","$5,250,000",,,,,Cap space,Thabo Sefolosha,"$5,250,000",UTA
193,"$5,225,000","$5,450,000",,,,,Cap Space,Jason Smith,"$10,675,000",WAS
194,"$5,200,000","$5,460,000",,,,,MLE,Ben McLemore,"$10,660,000",MEM
195,"$5,192,000","$5,451,600","$5,711,200",,,,MLE,Patrick Patterson,"$10,643,600",OKC
196,"$5,192,000",,,,,,MLE,Nick Young,"$5,192,000",GSW
197,"$5,179,760",,,,,,,Brandan Wright,"$5,179,760",MEM
198,"$5,090,040","$6,041,520","$7,059,480","$8,930,242",,,1st Round Pick,Josh Jackson,"$11,131,560",PHO
199,"$5,000,000","$5,375,000",,,,,Bird Rights,Marcus Morris,"$10,375,000",BOS
200,"$5,000,000","$5,000,000",,,,,Cap space,Dirk Nowitzki,"$10,000,000",DAL
201,"$5,000,000",,,,,,Disabled Player Exception,Greg Monroe,"$5,000,000",BOS
202,"$5,000,000","$5,000,000",,,,,Cap space,Mike Muscala,"$5,000,000",ATL
203,"$4,995,120",,,,,,1st round pick,Jahlil Okafor,"$4,995,120",BRK
204,"$4,992,385",,,,,,1st Round Pick,Dante Exum,"$4,992,385",UTA
205,"$4,961,798","$5,285,394",,,,,Early Bird Rights,Alexis Ajinca,"$10,247,192",NOP
206,"$4,956,480","$5,169,960","$6,534,829",,,,1st Rd pick,Jaylen Brown,"$10,126,440",BOS
207,"$4,736,050",,,,,,,Jameer Nelson,"$4,736,050",DEN
208,"$4,666,500","$4,996,000","$5,333,500",,,,Bird Rights,Kyle Singler,"$9,662,500",OKC
209,"$4,615,385","$4,384,616",,,,,MLE,Justin Holiday,"$9,000,001",CHI
210,"$4,609,200","$5,407,920","$6,392,760","$8,099,627",,,1st Round Pick,De'Aaron Fox,"$10,017,120",SAC
211,"$4,538,020",,,,,,1st Round Pick,Marcus Smart,"$4,538,020",BOS
212,"$4,503,600","$5,697,054",,,,,1st round pick,Kristaps Porzingis,"$10,200,654",NYK
213,"$4,468,800","$4,661,280","$5,896,519",,,,1st Round pick,Dragan Bender,"$9,130,080",PHO
214,"$4,402,546",,,,,,Cap Space,Devin Harris,"$4,402,546",DEN
215,"$4,328,000","$4,544,400",,,,,Room Exception,Ron Baker,"$8,872,400",NYK
216,"$4,328,000",,,,,,,Jamal Crawford,"$4,328,000",MIN
217,"$4,328,000",,,,,,Room Exception,Aron Baynes,"$4,328,000",BOS
218,"$4,187,599",,,,,,1st Round Pick,Alex Len,"$4,187,599",PHO
219,"$4,187,599",,,,,,1st Round Pick,Nerlens Noel,"$4,187,599",DAL
220,"$4,186,320","$4,969,080","$5,806,440","$7,362,566",,,1st Round Pick,Jonathan Isaac,"$9,155,400",ORL
221,"$4,180,000","$4,360,000",,,,,Cap space,Lance Stephenson,"$4,180,000",IND
222,"$4,149,242",,,,,,1st Round Pick,Julius Randle,"$4,149,242",LAL
223,"$4,087,500","$4,256,250",,,,,Bird Rights,Kyle O'Quinn,"$4,087,500",NYK
224,"$4,078,320",,,,,,1st round pick,Mario Hezonja,"$4,078,320",ORL
225,"$4,046,760","$4,221,000","$5,348,007",,,,1st Round pick,Kris Dunn,"$8,267,760",CHI
226,"$4,000,000","$4,200,000",,,,,Cap space,Jonas Jerebko,"$4,000,000",UTA
227,"$3,949,999",,,,,,MLE,Nemanja Bjelica,"$3,949,999",MIN
228,"$3,903,900","$3,710,850",,,,,Cap Space,J.J. Barea,"$7,614,750",DAL
229,"$3,853,931",,,,,,,Quincy Pondexter,"$3,853,931",CHI
230,"$3,821,640","$4,536,120","$5,300,400","$6,731,508",,,1st Round Pick,Lauri Markkanen,"$8,357,760",CHI
231,"$3,807,146",,,,,,1st Round Pick,Nik Stauskas,"$3,807,146",BRK
232,"$3,704,160","$4,696,875",,,,,1st round pick,Willie Cauley-Stein,"$8,401,035",SAC
233,"$3,675,480","$3,833,760","$4,861,208",,,,1st Round pick,Buddy Hield,"$7,509,240",SAC
234,"$3,533,333",,,,,,Bird Rights,Will Barton,"$3,533,333",DEN
235,"$3,505,233",,,,,,1st Round Pick,Noah Vonleh,"$3,505,233",CHI
236,"$3,501,120","$4,155,720","$4,855,800","$6,176,578",,,1st Round Pick,Frank Ntilikina,"$7,656,840",NYK
237,"$3,477,600","$3,651,480","$3,825,360",,,,Non-Bird Rights,Nene Hilario,"$10,954,440",HOU
238,"$3,477,600",,,,,,,Zaza Pachulia,"$3,477,600",GSW
239,"$3,408,520","$3,258,540",,,,,Cap Space,Troy Daniels,"$6,667,060",PHO
240,"$3,381,480","$4,294,480",,,,,1st round pick,Emmanuel Mudiay,"$7,675,960",NYK
241,"$3,355,320","$3,499,800","$4,444,746",,,,1st Round pick,Jamal Murray,"$6,855,120",DEN
242,"$3,332,340",,,,,,1st Round Pick,Elfrid Payton,"$3,332,340",PHO
243,"$3,300,000",,,,,,MLE,Rajon Rondo,"$3,300,000",NOP
244,"$3,294,994",,,,,,1st Round Pick,Doug McDermott,"$3,294,994",DAL
245,"$3,290,000","$3,454,500",,,,,Bi-annual Exception,Jodie Meeks,"$6,744,500",WAS
246,"$3,290,000",,,,,,Bi-annual Exception,Tyreke Evans,"$3,290,000",MEM
247,"$3,290,000",,,,,,Bi-annual Exception,Tarik Black,"$3,290,000",HOU
248,"$3,290,000",,,,,,Bi-annual Exception,Anthony Tolliver,"$3,290,000",DET
249,"$3,218,280","$3,819,960","$4,463,640","$5,686,677",,,1st Round Pick,Dennis Smith,"$7,038,240",DAL
250,"$3,202,217",,,,,,1st Round Pick,Zach LaVine,"$3,202,217",CHI
251,"$3,200,000","$3,360,000",,,,,Room Exception,Ekpe Udoh,"$3,200,000",UTA
252,"$3,152,931","$11,750,000","$10,810,000","$11,750,000","$12,690,000",,1st Round Pick,T.J. Warren,"$50,152,931",PHO
253,"$3,097,800","$3,940,402",,,,,1st round pick,Stanley Johnson,"$7,038,202",DET
254,"$3,073,800","$3,206,160","$4,078,236",,,,1st Rd pick,Marquese Chriss,"$6,279,960",PHO
255,"$3,057,240","$3,628,920","$4,240,200","$5,406,255",,,1st Round Pick,Zach Collins,"$6,686,160",POR
256,"$3,028,410",,,,,,Room exception,James Ennis,"$3,028,410",DET
257,"$3,028,410",,,,,,Room exception,Seth Curry,"$3,028,410",DAL
258,"$3,025,035",,,,,,,Mindaugas Kuzminskas,"$3,025,035",NYK
259,"$3,000,000","$3,129,187",,,,,Cap Space,Tomas Satoransky,"$6,129,187",WAS
260,"$3,000,000",,,,,,,Rajon Rondo,"$3,000,000",CHI
261,"$2,947,305",,,,,,1st Round Pick,Lucas Nogueira,"$2,947,305",TOR
262,"$2,947,305",,,,,,1st Round Pick,Jusuf Nurkic,"$2,947,305",POR
263,"$2,904,480","$3,447,480","$4,028,400","$5,345,687",,,1st Round Pick,Malik Monk,"$6,351,960",CHO
264,"$2,847,600","$3,627,842",,,,,1st round pick,Frank Kaminsky,"$6,475,442",CHO
265,"$2,844,429","$2,844,429","$2,844,429","$2,844,429","$2,844,429",,,Andrew Nicholson,"$19,911,003",POR
266,"$2,825,640","$2,947,320","$3,754,886",,,,1st Round pick,Jakob Poeltl,"$5,772,960",TOR
267,"$2,759,280","$3,275,280","$3,827,160","$5,273,826",,,1st Round Pick,Luke Kennard,"$6,034,560",DET
268,"$2,705,040","$3,448,926",,,,,1st round pick,Justise Winslow,"$6,153,966",MIA
269,"$2,700,000",,,,,,Bi-annual Exception,Michael Carter-Williams,"$2,700,000",CHO
270,"$2,684,160","$2,799,720","$3,569,643",,,,1st Round pick,Thon Maker,"$5,483,880",MIL
271,"$2,642,857","$2,775,000","$2,907,143",,,,MLE,Cedi Osman,"$8,325,000",CLE
272,"$2,621,280","$3,111,480","$3,635,760","$5,195,501",,,1st Round Pick,Donovan Mitchell,"$5,732,760",UTA
273,"$2,569,920","$3,410,284",,,,,1st round pick,Myles Turner,"$5,980,204",IND
274,"$2,550,055","$16,517,857","$17,839,286","$19,160,714","$20,482,143",,1st Round Pick,Gary Harris,"$76,550,055",DEN
275,"$2,550,000","$2,659,800","$3,529,555",,,,1st Round pick,Domantas Sabonis,"$5,209,800",IND
276,"$2,500,000","$2,500,000",,,,,,Manu Ginobili,"$5,000,000",SAS
277,"$2,500,000","$2,500,000",,,,,Cap space,Reggie Bullock,"$2,500,000",DET
278,"$2,500,000",,,,,,,Richard Jefferson,"$2,500,000",ATL
279,"$2,500,000",,,,,,Room Exception,Malcolm Delaney,"$2,500,000",ATL
280,"$2,490,360","$2,955,840","$3,454,080","$5,115,492",,,1st Round Pick,Bam Adebayo,"$5,446,200",MIA
281,"$2,451,225",,,,,,1st Round Pick,Bruno Caboclo,"$2,451,225",SAC
282,"$2,442,455",,,,,,,Ronnie Price,"$2,442,455",OKC
283,"$2,441,400","$3,364,249",,,,,1st round pick,Trey Lyles,"$5,805,649",DEN
284,"$2,422,560","$2,526,840","$3,481,986",,,,1st Round pick,Dario Saric,"$4,949,400",PHI
285,"$2,422,560","$2,526,840","$3,481,986",,,,1st Round pick,Taurean Waller-Prince,"$4,949,400",ATL
286,"$2,386,864",,,,,,1st Round Pick,Rodney Hood,"$2,386,864",CLE
287,"$2,365,560","$2,807,880","$3,280,920","$5,029,650",,,1st Round Pick,Justin Jackson,"$5,173,440",SAC
288,"$2,361,360",,,,,,1st Round Pick,Shabazz Napier,"$2,361,360",POR
289,"$2,334,520",,,,,,1st Round Pick,Clint Capela,"$2,334,520",HOU
290,"$2,328,652",,,,,,Minimum Salary,Arron Afflalo,"$2,328,652",ORL
291,"$2,328,652",,,,,,Minimum Salary,Nick Collison,"$2,328,652",OKC
292,"$2,328,652",,,,,,Minimum Salary,Raymond Felton,"$2,328,652",OKC
293,"$2,328,652",,,,,,,Ramon Sessions,"$2,328,652",NYK
294,"$2,328,652",,,,,,Minimum Salary,Jarrett Jack,"$2,328,652",NYK
295,"$2,328,652",,,,,,Minimum Salary,Jason Terry,"$2,328,652",MIL
296,"$2,328,652",,,,,,Minimum Salary,Udonis Haslem,"$2,328,652",MIA
297,"$2,328,652",,,,,,Minimum Salary,Dwyane Wade,"$2,328,652",MIA
298,"$2,328,652",,,,,,Minimum Salary,David West,"$2,328,652",GSW
299,"$2,328,652",,,,,,Minimum Salary,Richard Jefferson,"$2,328,652",DEN
300,"$2,328,652",,,,,,Minimum Salary,Jose Calderon,"$2,328,652",CLE
301,"$2,328,652",,,,,,,Andrew Bogut,,LAL
302,"$2,319,360","$3,314,365",,,,,1st round pick,Devin Booker,"$5,633,725",PHO
303,"$2,301,360","$2,400,480","$3,430,288",,,,,Georgios Papagiannis,"$4,701,840",SAC
304,"$2,300,000",,,,,,MLE,Dante Cunningham,"$2,300,000",BRK
305,"$2,262,871",,,,,,,Jameer Nelson,"$2,262,871",DET
306,"$2,247,480","$2,667,600","$3,117,240","$4,781,846",,,1st Round Pick,Justin Patton,"$4,915,080",MIN
307,"$2,247,480","$2,667,600","$3,117,240","$4,781,846",,,1st Round Pick,Guerschon Yabusele,"$4,915,080",BOS
308,"$2,245,400","$2,245,400","$2,245,400","$2,245,400","$2,245,400",,,Monta Ellis,"$11,227,000",IND
309,"$2,203,440","$3,263,295",,,,,1st round pick,Cameron Payne,"$5,466,735",CHI
310,"$2,186,400","$2,280,600","$3,377,569",,,,1st Round pick,Denzel Valentine,"$4,467,000",CHI
311,"$2,183,934",,,,,,,Josh Smith,,NOP
312,"$2,151,704",,,,,,1st Round Pick,Kyle Anderson,"$2,151,704",SAS
313,"$2,135,040","$2,534,280","$2,961,120","$4,548,280",,,1st Round Pick,D.J. Wilson,"$4,669,320",MIL
314,"$2,133,542","$2,133,542","$2,133,541",,,,,Matt Barnes,"$6,400,625",SAC
315,"$2,116,955",,,,,,,Derrick Rose,"$2,116,955",UTA
316,"$2,116,955",,,,,,Minimum Salary,Marreese Speights,"$2,116,955",ORL
317,"$2,116,955",,,,,, Minimum Salary,Michael Beasley,"$2,116,955",NYK
318,"$2,116,955",,,,,,,Aaron Brooks,"$2,116,955",MIN
319,"$2,116,955",,,,,,Minimum Salary,Luc Mbah a Moute,"$2,116,955",HOU
320,"$2,116,955",,,,,,,JaVale McGee,"$2,116,955",GSW
321,"$2,116,955",,,,,,Minimum Salary,Jeff Green,"$2,116,955",CLE
322,"$2,116,955",,,,,,,Tony Allen,"$2,116,955",CHI
323,"$2,116,955",,,,,,,Damien Wilkins,"$25,000",IND
324,"$2,106,470",,,,,,,Omri Casspi,"$2,106,470",GSW
325,"$2,106,407",,,,,,Minimum Salary,Mario Chalmers,"$2,106,407",MEM
326,"$2,100,000","$2,205,000",,,,,MLE,Darius Miller,"$2,100,000",NOP
327,"$2,093,040","$3,208,630",,,,,1st round pick,Kelly Oubre,"$5,301,670",WAS
328,"$2,076,840","$2,166,360","$3,321,030",,,,1st Round pick,Juan Hernangomez,"$4,243,200",DEN
329,"$2,028,360","$2,407,560","$2,813,280","$4,326,825",,,1st Round Pick,T.J. Leaf,"$4,435,920",IND
330,"$2,000,000",,,,,,Room exception,Tim Frazier,"$2,000,000",WAS
331,"$2,000,000",,,,,,,Anthony Tolliver,"$2,000,000",SAC
332,"$1,988,520","$3,050,390",,,,,1st round pick,Terry Rozier,"$5,038,910",BOS
333,"$1,974,159",,,,,,Minimum Salary,Luke Babbitt,"$987,080",MIA
334,"$1,936,920","$2,299,080","$2,686,560","$4,137,302",,,1st Round Pick,John Collins,"$4,236,000",ATL
335,"$1,913,345","$1,913,345","$1,913,345","$1,913,345",,,,Anderson Varejao,"$7,653,380",POR
336,"$1,889,040",,,,,,,Rashad Vaughn,"$1,889,040",NOP
337,"$1,881,250","$1,881,250",,,,,,Tim Duncan,"$3,762,500",SAS
338,"$1,874,400",,,,,,,Wade Baldwin,"$1,874,400",MEM
339,"$1,865,547","$1,865,547","$1,865,547","$1,865,547","$1,865,547",,,Larry Sanders,"$9,327,735",MIL
340,"$1,859,400","$2,207,040","$2,578,800","$3,976,510",,,1st Round Pick,Harry Giles,"$4,066,440",SAC
341,"$1,794,600","$2,760,095",,,,,1st Round pick,Sam Dekker,"$4,554,695",LAC
342,"$1,785,000","$2,118,840","$2,475,840","$3,944,013",,,1st Round Pick,Terrance Ferguson,"$3,903,840",OKC
343,"$1,780,800","$1,857,480","$2,856,804",,,,1st Round pick,Henry Ellenson,"$3,638,280",DET
344,"$1,739,333","$1,826,300","$1,913,267",,,,MLE,Eric Moreland,"$1,739,333",DET
345,"$1,713,840","$2,639,314",,,,,1st Round pick,Jerian Grant,"$4,353,154",CHI
346,"$1,713,720","$2,034,120","$2,376,840","$3,909,902",,,1st Round Pick,Jarrett Allen,"$3,747,840",BRK
347,"$1,709,538",,,,,,Minimum Salary,Mike Scott,"$1,709,538",WAS
348,"$1,709,538","$1,933,941",,,,,,Tyler Zeller,"$1,709,538",MIL
349,"$1,709,538",,,,,,,Quincy Acy,,BRK
350,"$1,700,640","$1,773,840","$2,731,714",,,,1st Round pick,Malik Beasley,"$3,474,480",DEN
351,"$1,662,500",,,,,,,Mike Dunleavy,"$1,662,500",ATL
352,"$1,645,200","$2,536,898",,,,,1st Round pick,Delon Wright,"$4,182,098",TOR
353,"$1,645,200","$1,952,760","$2,281,800","$3,872,215",,,1st Round Pick,OG Anunoby,"$3,597,960",TOR
354,"$1,645,200","$1,952,760","$2,281,800","$3,872,215",,,1st Round Pick,Ante Zizic,"$3,597,960",CLE
355,"$1,632,480","$1,702,800","$2,625,718",,,,1st Round pick,Caris LeVert,"$3,335,280",BRK
356,"$1,579,440","$2,516,048",,,,,1st Round pick,Justin Anderson,"$4,095,488",PHI
357,"$1,579,440","$1,874,640","$2,190,720",,,,1st Round Pick,Tyler Lydon,"$3,454,080",DEN
358,"$1,577,320","$1,795,015",,,,,,Jeff Withey,"$350,000",DAL
359,"$1,577,230",,,,,,Minimum Salary,Ian Clark,"$1,577,230",NOP
360,"$1,577,230","$1,795,015",,,,,,Shabazz Muhammad,"$1,577,230",MIN
361,"$1,577,230",,,,,,,Willie Reed,"$1,577,230",CHI
362,"$1,577,230",,,,,,,DeAndre Liggins,,MIL
363,"$1,567,200","$1,634,640","$2,603,982",,,,1st Round pick,DeAndre' Bembry,"$3,201,840",ATL
364,"$1,524,305","$1,656,092",,,,,,Joffrey Lauvergne,"$1,524,305",SAS
365,"$1,524,305",,,,,,Draft Pick,Jerami Grant,"$1,524,305",OKC
366,"$1,524,305",,,,,,,Johnny O'Bryant,"$1,524,305",NYK
367,"$1,524,305","$1,656,092",,,,,Minimum Salary,Tyler Ennis,"$1,524,305",LAL
368,"$1,524,305","$1,656,092",,,,,Minimum Salary,Julyan Stone,"$1,524,305",CHO
369,"$1,524,305",,,,,,,Sean Kilpatrick,"$1,524,305",BRK
370,"$1,524,305","$1,656,092",,,,,Minimum Salary,Spencer Dinwiddie,"$1,524,305",BRK
371,"$1,524,305",,,,,,Minimum Salary,Joe Harris,"$1,524,305",BRK
372,"$1,524,305",,,,,,Minimum Salary,Shane Larkin,"$1,524,305",BOS
373,"$1,524,305",,,,,,,Glenn Robinson,,IND
374,"$1,524,305",,,,,,,Bobby Brown,,HOU
375,"$1,516,320","$2,494,346",,,,,1st Round pick,Bobby Portis,"$4,010,666",CHI
376,"$1,504,560","$1,569,360","$2,581,597",,,,1st Round pick,Malachi Richardson,"$3,073,920",TOR
377,"$1,500,000",,,,,,,Arron Afflalo,"$1,500,000",SAC
378,"$1,471,382","$9,367,200","$10,116,576","$10,865,952","$11,615,328",,Cap Space,Norman Powell,"$31,821,110",TOR
379,"$1,471,382","$9,300,000","$10,100,000","$10,800,000","$11,600,000",,Minimum Salary,Josh Richardson,"$31,671,382",MIA
380,"$1,471,382","$2,470,357",,,,,1st Round pick,Rondae Hollis-Jefferson,"$3,941,739",BRK
381,"$1,471,382","$2,444,053",,,,,1st Round pick,Tyus Jones,"$3,915,435",MIN
382,"$1,471,382","$2,416,222",,,,,1st Round pick,Jarell Martin,"$3,887,604",MEM
383,"$1,471,382","$2,272,391",,,,,1st Round pick,Larry Nance,"$3,743,773",CLE
384,"$1,471,382","$1,600,520",,,,,Cap Space,Richaun Holmes,"$3,071,902",PHI
385,"$1,471,382","$1,600,520",,,,,Minimum Salary,T.J. McConnell,"$3,071,902",PHI
386,"$1,471,382","$1,544,951","$1,676,735",,,,,Troy Williams,"$2,085,087",HOU
387,"$1,471,382",,,,,,1st Round pick,Chris McCullough,"$1,471,382",WAS
388,"$1,471,382",,,,,,,Raul Neto,"$1,471,382",UTA
389,"$1,471,382",,,,,,Minimum Salary,Pat Connaughton,"$1,471,382",POR
390,"$1,471,382",,,,,,,Josh Huestis,"$1,471,382",OKC
391,"$1,471,382",,,,,,Minimum Salary,Jordan Mickey,"$1,471,382",MIA
392,"$1,471,382",,,,,,,Montrezl Harrell,"$1,471,382",LAC
393,"$1,471,382","$1,600,520",,,,,Cap Space,Joe Young,"$1,471,382",IND
394,"$1,471,382",,,,,,1st Round pick,Kevon Looney,"$1,471,382",GSW
395,"$1,471,382","$1,600,520",,,,,,Nikola Jokic,"$1,471,382",DEN
396,"$1,471,382",,,,,,Minimum Salary,Salah Mejri,"$1,471,382",DAL
397,"$1,465,920","$1,740,000","$2,033,160","$3,665,787",,,1st Round Pick,Caleb Swanigan,"$3,205,920",POR
398,"$1,465,920","$1,740,000","$2,033,160","$3,665,787",,,1st Round Pick,Furkan Korkmaz,"$3,205,920",PHI
399,"$1,435,750","$1,544,951","$1,701,735",,,,Cap Space,Willy Hernangomez,"$2,980,701",CHO
400,"$1,423,560","$1,689,840","$1,974,600","$3,562,178",,,1st Round Pick,Kyle Kuzma,"$3,113,400",LAL
401,"$1,414,920","$1,679,520","$1,962,360","$3,542,060",,,1st Round Pick,Tony Bradley,"$3,094,440",UTA
402,"$1,404,600","$1,667,160","$1,948,080","$3,516,284",,,1st Round Pick,Derrick White,"$3,071,760",SAS
403,"$1,394,520","$1,655,160","$1,934,160","$3,491,159",,,1st Round Pick,Josh Hart,"$3,049,680",LAL
404,"$1,386,600","$1,544,951","$2,529,684",,,,1st Round pick,Timothe Luwawu-Cabarrot,"$2,931,551",PHI
405,"$1,360,305","$1,360,305",,,,,,Kevin Martin,"$2,720,610",MIN
406,"$1,331,160",,,,,,,Brice Johnson,"$1,331,160",MEM
407,"$1,312,611","$1,544,951","$2,351,839",,,,1st Round pick,Pascal Siakam,"$2,857,562",TOR
408,"$1,312,611","$1,544,951","$2,321,735",,,,1st Round pick,Dejounte Murray,"$2,857,562",SAS
409,"$1,312,611","$1,544,951","$2,338,847",,,,1st Round pick,Skal Labissiere,"$2,857,562",SAC
410,"$1,312,611","$1,544,951",,,,,,A.J. Hammons,"$2,857,562",MIA
411,"$1,312,611","$1,544,951",,,,,Cap Space,Deyonta Davis,"$2,857,562",MEM
412,"$1,312,611","$1,544,951",,,,,Minimum Salary,Chinanu Onuaku,"$2,857,562",HOU
413,"$1,312,611","$1,544,951","$2,305,057",,,,1st Round pick,Damian Jones,"$2,857,562",GSW
414,"$1,312,611","$1,544,951",,,,,,Wayne Selden,"$2,085,087",MEM
415,"$1,312,611","$1,544,951",,,,,Minimum Salary,Cheick Diallo,"$1,812,611",NOP
416,"$1,312,611",,,,,,,Joel Bolomboy,"$1,312,611",UTA
417,"$1,312,611",,,,,,Minimum Salary,Davis Bertans,"$1,312,611",SAS
418,"$1,312,611",,,,,,Minimum Salary,Bryn Forbes,"$1,312,611",SAS
419,"$1,312,611","$1,544,951",,,,,Cap Space,Jake Layman,"$1,312,611",POR
420,"$1,312,611","$1,544,951","$1,676,735",,,,Cap Space,Tyler Ulis,"$1,312,611",PHO
421,"$1,312,611",,,,,,Minimum Salary,Marcus Georges-Hunt,"$1,312,611",MIN
422,"$1,312,611","$1,544,951",,,,,Cap Space,Malcolm Brogdon,"$1,312,611",MIL
423,"$1,312,611","$1,544,951",,,,,Minimum Salary,Rodney McGruder,"$1,312,611",MIA
424,"$1,312,611","$1,544,951",,,,,Cap Space,Andrew Harrison,"$1,312,611",MEM
425,"$1,312,611","$1,544,951",,,,,Cap Space,Ivica Zubac,"$1,312,611",LAL
426,"$1,312,611",,,,,,Minimum Salary,Patrick McCaw,"$1,312,611",GSW
427,"$1,312,611","$1,544,951",,,,,Minimum Salary,Dorian Finney-Smith,"$1,312,611",DAL
428,"$1,312,611",,,,,,Minimum Salary,Yogi Ferrell,"$1,312,611",DAL
429,"$1,312,611",,,,,,Minimum Salary,Treveon Graham,"$1,312,611",CHO
430,"$1,312,611","$1,544,951","$1,676,735",,,,Cap Space,Paul Zipser,"$1,312,611",CHI
431,"$1,312,611",,,,,,Minimum Salary,David Nwaba,"$1,312,611",CHI
432,"$1,312,611","$1,544,951","$1,676,735",,,,Cap Space,Isaiah Whitehead,"$1,312,611",BRK
433,"$1,312,611",,,,,,,Diamond Stone,"$1,312,611",ATL
434,"$1,312,611",,,,,,,Sheldon Mac,"$1,312,611",ATL
435,"$1,312,611",,,,,,,Okaro White,"$1,312,611",ATL
436,"$1,312,611",,,,,,,Nicolas Brussino,"$1,312,611",ATL
437,"$1,312,611","$1,544,951",,,,,Minimum Salary,Isaiah Taylor,"$1,312,611",ATL
438,"$1,312,611","$1,544,951",,,,,,Kay Felder,"$456,529",CHI
439,"$1,312,611",,,,,,,Fred VanVleet,,TOR
440,"$1,312,611",,,,,,,Derrick Jones,,PHO
441,"$1,312,611",,,,,,,Chasson Randle,,NYK
442,"$1,312,611",,,,,,,Stephen Zimmerman,,LAL
443,"$1,291,892","$1,378,242","$1,618,520","$1,752,950",,,,Semi Ojeleye,"$2,193,857",BOS
444,"$1,184,385","$1,378,242","$1,618,520",,,,,Frank Mason,"$2,562,627",SAC
445,"$1,167,333","$1,378,242","$1,618,520","$1,752,950",,,,Abdel Nader,"$1,617,333",BOS
446,"$1,100,000","$1,378,242","$1,618,520",,,,Minimum Salary,Damyean Dotson,"$2,478,242",NYK
447,"$1,096,080",,,,,,,Paul Pierce,"$1,096,080",LAC
448,"$1,069,308",,,,,,,Isaiah Canaan,"$1,069,308",PHO
449,"$1,050,000","$1,378,242","$1,618,520",,,,,Wesley Iwundu,"$2,428,242",ORL
450,"$1,035,200",,,,,,,Livio Jean-Charles,"$1,035,200",SAS
451,"$1,000,000","$1,000,000","$1,000,000",,,,,Justin Hamilton,"$3,000,000",TOR
452,"$1,000,000",,,,,,,Gerald Henderson,"$1,000,000",PHI
453,"$950,000","$1,378,242",,,,,,Rade Zagorac,"$2,328,242",MEM
454,"$950,000","$1,378,242","$1,618,520",,,,MLE,Ivan Rabb,"$2,328,242",MEM
455,"$950,000","$1,378,242","$1,618,520",,,,Cap space,Ike Anigbogu,"$1,640,000",IND
456,"$947,248",,,,,,Minimum Salary,Gerald Green,"$947,248",HOU
457,"$945,126","$945,126",,,,,,Jason Thompson,"$1,890,252",GSW
458,"$830,000","$830,000",,,,,,Martell Webster,"$1,660,000",WAS
459,"$815,615","$1,378,242","$1,618,520",,,,MLE,Frank Jackson,"$2,699,857",NOP
460,"$815,615","$1,378,252",,,,,Minimum Salary,Jordan Bell,"$2,193,867",GSW
461,"$815,615","$1,378,242",,,,,,Dakari Johnson,"$2,193,857",OKC
462,"$815,615","$1,378,242","$1,618,520",,,,MLE,Sterling Brown,"$2,193,857",MIL
463,"$815,615","$1,378,242","$1,618,520",,,,MLE,Dillon Brooks,"$2,193,857",MEM
464,"$815,615","$1,378,242","$1,618,520",,,,MLE,Sindarius Thornwell,"$2,193,857",LAC
465,"$815,615","$1,378,242","$1,618,520",,,,MLE,Jawun Evans,"$2,193,857",LAC
466,"$815,615","$1,378,242","$1,618,520",,,,MLE,Dwayne Bacon,"$2,193,857",CHO
467,"$815,615","$1,378,242",,,,,Minimum Salary,Tyler Dorsey,"$2,193,857",ATL
468,"$815,615","$1,378,242","$1,618,520",,,,Minimum Salary,Davon Reed,"$1,504,736",PHO
469,"$815,615","$1,378,242","$1,618,520",,,,Cap space,Royce O'Neale,"$815,615",UTA
470,"$815,615","$1,378,242",,,,,Minimum Salary,Alfonzo McKinnie,"$815,615",TOR
471,"$815,615","$1,378,242",,,,,Minimum Salary,Brandon Paul,"$815,615",SAS
472,"$815,615","$1,378,242",,,,,Minimum Salary,Khem Birch,"$815,615",ORL
473,"$815,615","$1,378,242",,,,,Minimum Salary,Thomas Bryant,"$815,615",LAL
474,"$815,615","$1,378,242","$1,618,520","$1,752,950",,,MLE,Zhou Qi,"$815,615",HOU
475,"$815,615","$1,378,242",,,,,Minimum Salary,Maxi Kleber,"$815,615",DAL
476,"$815,615","$1,378,242",,,,,Minimum Salary,Daniel Theis,"$815,615",BOS
477,"$789,725",,,,,,,Sean Kilpatrick,"$789,725",MIL
478,"$784,160","$1,795,015",,,,,Minimum Salary,Trey Burke,"$784,160",NYK
479,"$778,668","$1,544,951",,,,,Two-Way Converted,Alex Poythress,"$778,668",IND
480,"$776,217",,,,,,,Marco Belinelli,,PHI
481,"$749,905",,,,,,,Joe Johnson,,HOU
482,"$748,160","$1,600,520",,,,,Two-Way Converted,Dwight Buycks,"$748,160",DET
483,"$679,919","$1,378,242",,,,,,Tyler Cavanaugh,"$729,919",ATL
484,"$650,000","$650,000",,,,,,Carlos Delfino,"$1,300,000",LAC
485,"$517,220","$517,220",,,,,,Caron Butler,"$1,034,440",SAC
486,"$510,921",,,,,,,Jordan Farmar,"$510,921",LAC
487,"$502,328",,,,,,,Ersan Ilyasova,,PHI
488,"$500,000",,,,,,,Leandro Barbosa,"$500,000",PHO
489,"$500,000",,,,,,,Tibor Pleiss,"$500,000",PHI
490,"$500,000",,,,,,,Michael Gbinije,"$500,000",DET
491,"$452,059",,,,,,,Aaron Gray,"$452,059",DET
492,"$333,334","$333,333","$333,333",,,,,Festus Ezeli,"$1,000,000",POR
493,"$333,334","$333,333","$333,333",,,,,C.J. Watson,"$1,000,000",ORL
494,"$315,760",,,,,,,Gal Mekel,"$315,760",DAL
495,"$300,000","$300,000",,,,,,Miroslav Raduljica,"$600,000",LAC
496,"$300,000",,,,,,,Cameron Oliver,"$300,000",HOU
497,"$263,124",,,,,,,Ramon Sessions,,WAS
498,"$250,000",,,,,,,Jordan Crawford,"$250,000",NOP
499,"$239,204",,,,,,,Emeka Okafor,"$239,204",NOP
500,"$238,020",,,,,,,Brandon Jennings,,MIL
501,"$222,476",,,,,,,Wade Baldwin,,POR
502,"$200,000",,,,,,,Isaiah Canaan,"$200,000",CHI
503,"$172,552",,,,,,,Rakeem Christmas,"$172,552",IND
504,"$172,238",,,,,,,DeAndre Liggins,"$172,238",NOP
505,"$172,238",,,,,,,Sean Kilpatrick,,LAC
506,"$166,258",,,,,,,Rashad Vaughn,,ORL
507,"$148,318",,,,,,,David Stockton,,UTA
508,"$148,318",,,,,,,Troy Williams,,NYK
509,"$148,318",,,,,,,Larry Drew,,NOP
510,"$148,318",,,,,,,Travis Wear,,LAL
511,"$140,902",,,,,,,Carrick Felix,"$140,902",WAS
512,"$119,602",,,,,,,Brandon Rush,,POR
513,"$104,059",,,,,,,Jeremy Evans,"$50,000",ATL
514,"$104,059",,,,,,,Derrick Williams,,LAL
515,"$100,000",,,,,,,K.J. McDaniels,"$100,000",TOR
516,"$100,000",,,,,,,Marshall Plumlee,"$100,000",NYK
517,"$100,000",,,,,,,Georges Niang,"$100,000",IND
518,"$100,000",,,,,,,Quinn Cook,"$100,000",ATL
519,"$92,858","$92,857","$92,857","$92,857","$92,857",,,Demetrius Jackson,"$650,000",BOS
520,"$92,160",,,,,,,Kyle Collinsworth,"$142,160",DAL
521,"$92,160",,,,,,,Josh Gray,"$92,160",PHO
522,"$92,160",,,,,,,Naz Mitrou-Long,"$50,000",UTA
523,"$92,160",,,,,,,Nigel Hayes,,TOR
524,"$92,160",,,,,,,Shaquille Harrison,,PHO
525,"$92,160",,,,,,,Rodney Purvis,,ORL
526,"$92,160",,,,,,,"Walt Lemon, Jr.",,NOP
527,"$92,160",,,,,,,Jaylen Morris,,ATL
528,"$92,160",,,,,,,Antonius Cleveland,,ATL
529,"$92,160",,,,,,,Damion Lee,,ATL
530,"$87,552",,,,,,,Mike James,"$87,552",PHO
531,"$86,119",,,,,,,MarShon Brooks,,MEM
532,"$83,129",,,,,,,Jarell Eddie,"$83,129",BOS
533,"$83,129",,,,,,,Jarell Eddie,"$17,224",CHI
534,"$83,129",,,,,,,Briante Weber,,MEM
535,"$83,129",,,,,,,Marquis Teague,,MEM
536,"$83,129",,,,,,,Aaron Harrison,,DAL
537,"$74,159",,,,,,,Demetrius Jackson,"$124,159",HOU
538,"$74,159",,,,,,,Georgios Papagiannis,,POR
539,"$74,159",,,,,,,Scotty Hopson,,DAL
540,"$74,159",,,,,,,Okaro White,,CLE
541,"$74,159",,,,,,,Xavier Silas,,BOS
542,"$53,465",,,,,,,Isaiah Canaan,"$53,465",HOU
543,"$50,000",,,,,,,Tyler Cavanaugh,"$729,919",ATL
544,"$50,000",,,,,,,Kyle Collinsworth,"$142,160",DAL
545,"$50,000",,,,,,,Demetrius Jackson,"$124,159",HOU
546,"$50,000",,,,,,,Daniel Ochefu,"$50,000",WAS
547,"$50,000",,,,,,,Michael Young,"$50,000",WAS
548,"$50,000",,,,,,,Eric Griffin,"$50,000",UTA
549,"$50,000",,,,,,,Nate Wolters,"$50,000",UTA
550,"$50,000",,,,,,,Naz Mitrou-Long,"$50,000",UTA
551,"$50,000",,,,,,,James Michael McAdoo,"$50,000",PHI
552,"$50,000",,,,,,,Jacob Pullen,"$50,000",PHI
553,"$50,000",,,,,,,Nigel Hayes,"$50,000",NYK
554,"$50,000",,,,,,,Jalen Moore,"$50,000",MIL
555,"$50,000",,,,,,,Gary Payton,"$50,000",MIL
556,"$50,000",,,,,,,Matt Williams,"$50,000",MIA
557,"$50,000",,,,,,,Vince Hunter,"$50,000",MEM
558,"$50,000",,,,,,,V.J. Beachem,"$50,000",LAL
559,"$50,000",,,,,,,Briante Weber,"$50,000",LAL
560,"$50,000",,,,,,,Vander Blue,"$50,000",LAL
561,"$50,000",,,,,,,Jamil Wilson,"$50,000",LAC
562,"$50,000",,,,,,,Briante Weber,"$50,000",HOU
563,"$50,000",,,,,,,Luis Montero,"$50,000",DET
564,"$50,000",,,,,,,Antonius Cleveland,"$50,000",DAL
565,"$50,000",,,,,,,Gian Clavell,"$50,000",DAL
566,"$50,000",,,,,,,Diamond Stone,"$50,000",CHI
567,"$50,000",,,,,,,Yakuba Ouattara,"$50,000",BRK
568,"$50,000",,,,,,,Jeremy Evans,"$50,000",ATL
569,"$46,080",,,,,,,Nigel Hayes,"$46,080",LAL
570,"$46,080",,,,,,,Xavier Rathan-Mayes,,MEM
571,"$46,080",,,,,,,Trey McKinney-Jones,,IND
572,"$46,080",,,,,,,Le'Bryan Nash,,HOU
573,"$46,080",,,,,,,Jameel Warney,,DAL
574,"$46,080",,,,,,,Marcus Thornton,,CLE
575,"$26,773",,,,,,,DeAndre Liggins,"$26,773",ATL
576,"$25,000",,,,,,,Quinn Cook,"$25,000",NOP
577,"$25,000",,,,,,,Axel Toupane,"$25,000",NOP
578,"$25,000",,,,,,,Chris Johnson,"$25,000",HOU
579,"$25,000",,,,,,,Beno Udrih,"$25,000",DET
580,"$22,248",,,,,,,Joel Bolomboy,"$22,248",MIL
581,"$17,224",,,,,,,Jarell Eddie,"$17,224",CHI
